case_id,round_no,instance_level,court_code,act_date,act_identifier,act_result,source_url,source_type,verification_status,notes
А41-22619/2024,1,FIRST,AS_MO,2024-06-14,А41-22619/2024,PARTIAL_GRANT,https://base.garant.ru/66198629/,legal_database_copy,DISCOVERED,"First instance awarded 895653.77 RUB of 1129911 RUB claimed; date and result recited in appellate/cassation sources"
А41-22619/2024,1,APPEAL,10_AAS,2024-08-15,10АП-14632/2024,AFFIRMED,https://base.garant.ru/66198629/,legal_database_copy,DISCOVERED,"Appeal left first-instance result unchanged"
А41-22619/2024,1,CASSATION,AS_MO_DISTRICT,2024-11-05,Ф05-24766/2024,VACATED_AND_REMANDED,https://base.garant.ru/69454208/,legal_database_copy,DISCOVERED,"Cassation vacated first-instance and appellate acts and remanded for new consideration"
А41-61831/2024,1,FIRST,AS_MO,2024-11-29,А41-61831/2024,PARTIAL_GRANT,https://sudact.ru/arbitral/doc/8Sa6CRwxL7rt/,judicial_act_aggregator,DISCOVERED,"First instance awarded 621671.78 RUB damages; result recited by appellate act"
А41-61831/2024,1,APPEAL,10_AAS,2025-03-05,10АП-144/2025,VACATED_DAMAGES_DENIED,https://sudact.ru/arbitral/doc/8Sa6CRwxL7rt/,judicial_act_aggregator,DISCOVERED,"Appeal cancelled damages award and denied damages; costs adjusted"
А41-71665/2024,1,FIRST,AS_MO,2025-02-07,А41-71665/2024,PARTIAL_GRANT,https://sudact.ru/arbitral/doc/ssjE6mNCIumJ/,judicial_act_aggregator,DISCOVERED,"First instance awarded 2052035 RUB damages; result recited in appellate act"
А41-71665/2024,1,APPEAL,10_AAS,2025-06-09,10АП-4478/2025,CHANGED,https://sudact.ru/arbitral/doc/ssjE6mNCIumJ/,judicial_act_aggregator,DISCOVERED,"Appellate act changed first-instance damages result; exact final amount to be normalized from full disposition before canonical financial extraction"
А41-93300/2024,1,FIRST,AS_MO,2025-06-06,А41-93300/2024,PARTIAL_GRANT,https://sudact.ru/arbitral/doc/PcWliumntSoj/,judicial_act_aggregator,DISCOVERED,"First instance awarded 3657716.53 RUB damages of 4497408.49 RUB claimed"
А41-93300/2024,1,APPEAL,10_AAS,2025-08-06,10АП-10552/2025,AFFIRMED,https://sudact.ru/arbitral/doc/PcWliumntSoj/,judicial_act_aggregator,DISCOVERED,"Appeal left first-instance decision unchanged"
